Date,Open,High,Low,Close,Volume
2023-01-02,150.0,152.0,149.5,151.0,1000000
2023-01-03,152.3,153.5,151.0,152.0,1100000
2023-01-04,151.5,152.0,150.0,151.8,1050000
2023-01-05,153.0,154.5,152.0,154.0,1200000
2023-01-06,155.0,156.0,154.0,155.5,1150000
2023-01-09,154.2,155.0,153.5,154.8,1130000
2023-01-10,156.0,157.5,155.0,157.0,1250000
2023-01-11,157.5,158.0,156.0,157.8,1300000
2023-01-12,158.0,159.5,157.0,158.5,1280000
2023-01-13,159.0,160.0,158.0,159.5,1350000
2023-01-14 00:00:00,160.4795535431166,157.23522933832564,160.4934196345576,159.40273417199995,1329504
2023-01-15 00:00:00,160.33219387302245,160.58410839230694,161.14281777968134,160.6863733483369,1335794
2023-01-16 00:00:00,158.54079233028997,158.16615060179393,156.79019004729668,157.83237765979354,1325228
2023-01-17 00:00:00,158.02114924609785,157.2511974530794,155.782111421813,157.01815270699674,1371207
2023-01-18 00:00:00,157.61430992133245,159.8839754932003,162.82075378553725,160.10634640002334,1378047
2023-01-19 00:00:00,155.8284803090595,156.3279749083416,155.96920354827284,156.04188625522465,1397084
2023-01-20 00:00:00,155.13010459271152,154.93971082445873,156.81199706067164,155.6272708259473,1376359
2023-01-21 00:00:00,155.213508521591,154.73539410827152,153.8761535101453,154.60835204666927,1391956
2023-01-22 00:00:00,154.22527343941908,154.42033312929038,149.3136007811744,152.65306911662796,1395669
2023-01-23 00:00:00,154.79134833464417,155.84094402083088,156.72844897286518,155.7869137761134,1408607
2023-01-24 00:00:00,154.8147015065265,155.94138368963397,159.55091574870968,156.76900031495674,1369356
2023-01-25 00:00:00,157.8700050345738,156.59522869239697,156.97876426700378,157.14799933132485,1348925
2023-01-26 00:00:00,156.28910997155967,161.06686741342813,157.03808997403465,158.1313557863408,1344941
2023-01-27 00:00:00,156.4880402120581,158.05773001955438,153.28686391070218,155.94421138077155,1314806
2023-01-28 00:00:00,156.10109302224262,158.82671921718557,155.00184935138046,156.64322053026956,1271821
2023-01-29 00:00:00,158.37331298313813,153.36950677548134,160.616309777377,157.4530431786655,1225957
2023-01-30 00:00:00,158.29120908449147,159.10269966705306,157.22120504909233,158.20503793354564,1251563
2023-01-31 00:00:00,158.10377241373138,159.66508612698146,161.3488858322978,159.70591479100355,1250914
2023-02-01 00:00:00,157.9581352014172,156.97716270139648,158.67507030120908,157.87012273467425,1213116
2023-02-02 00:00:00,155.0172117881483,156.5334842740255,153.89198099952998,155.1475590205679,1209910
2023-02-03 00:00:00,154.93292089116235,155.2525030974829,153.6711756305885,154.61886653974457,1249056
2023-02-04 00:00:00,157.60465831084323,159.26178621257108,157.51623106742565,158.12755853028,1289737
2023-02-05 00:00:00,158.14238456033976,156.55929900680184,158.16742346619816,157.6230356777799,1270413
2023-02-06 00:00:00,159.5466851496728,159.1942458845844,156.95646365530703,158.56579822985475,1256625
2023-02-07 00:00:00,157.87154776034018,157.93923684241827,157.2956533878681,157.70214599687552,1221276
2023-02-08 00:00:00,156.11775975296817,157.1574848209082,154.51270553595452,155.92931670327695,1182506
2023-02-09 00:00:00,157.55641831708468,158.57078852531853,153.7509211119514,156.62604265145154,1160100
2023-02-10 00:00:00,154.31557816189408,151.58498965025393,155.8124122233949,153.90432667851428,1185389
2023-02-11 00:00:00,155.25648208087222,152.5245280209181,158.40156207412127,155.39419072530387,1173024
2023-02-12 00:00:00,155.05501976803697,154.86036171799847,157.11119006461118,155.67552385021554,1184000
2023-02-13 00:00:00,153.81036707634158,153.9462597421668,151.90582529767664,153.22081737206167,1209619
2023-02-14 00:00:00,152.58032152115504,153.6703693325572,150.99470189834247,152.41513091735158,1194009
2023-02-15 00:00:00,151.6262954689812,152.65050337998247,150.9295536826593,151.73545084387433,1162181
2023-02-16 00:00:00,152.7021755779341,155.24374504156438,154.59714736079394,154.18102266009745,1206087
2023-02-17 00:00:00,153.83266671620225,155.22695465339476,152.71515190670112,153.92492442543272,1183246
2023-02-18 00:00:00,153.96143242251142,154.2239393934649,160.17356451459963,156.11964544352531,1152033
2023-02-19 00:00:00,154.13841262189075,156.080637676388,152.5236958338064,154.24758204402838,1127765
2023-02-20 00:00:00,152.36423160469928,153.35874261079655,152.43101110862318,152.71799510803967,1153495
2023-02-21 00:00:00,152.70074369206787,154.06728827551802,157.23839014686098,154.6688073714823,1145870
2023-02-22 00:00:00,153.47898344779577,154.1599356184127,154.07424216794686,153.90438707805177,1108951
2023-02-23 00:00:00,155.2125013279241,155.389297643726,154.66644977192888,155.08941624785965,1132599
2023-02-24 00:00:00,156.20652133873517,157.571676790814,157.42197166810544,157.0667232658849,1087463
2023-02-25 00:00:00,155.1905699924371,156.3218219868066,152.87233287584817,154.79490828503063,1119543
2023-02-26 00:00:00,156.22389628735573,158.76494329086597,157.83884264970945,157.6092274093104,1124595
2023-02-27 00:00:00,155.5585435472459,152.67768995243225,156.81943477417266,155.0185560912836,1109472
2023-02-28 00:00:00,155.82195118501872,157.39730019989952,152.88812497950224,155.36912545480683,1102707
2023-03-01 00:00:00,155.3926600986108,156.845540860774,158.33235772889233,156.8568528960924,1064816
2023-03-02 00:00:00,154.74334491477288,159.16558428228964,152.0179697659136,155.30896632099203,1113031
2023-03-03 00:00:00,153.07889359402589,152.90233754576886,155.51601064085722,153.832413926884,1081565
2023-03-04 00:00:00,151.38195651886033,152.58493249085515,155.52876509900975,153.16521803624175,1082326
2023-03-05 00:00:00,149.06616893479702,151.31618102979962,153.05288231119545,151.14507742526402,1128133
2023-03-06 00:00:00,149.5198525482952,151.00882537238405,146.4443928400673,148.9910235869155,1161705
2023-03-07 00:00:00,146.79397413630306,146.13461308459463,145.27718589669598,146.0685910391979,1145331
2023-03-08 00:00:00,145.11292103110736,141.6153905728345,143.96074962535678,143.5630204097662,1152745
2023-03-09 00:00:00,143.18363931765805,143.3495410491931,141.46231325383627,142.66516454022914,1145068
2023-03-10 00:00:00,143.15214346047563,144.03530347408625,142.56270018547787,143.25004904001324,1160332
2023-03-11 00:00:00,141.7582946666417,142.14324727394344,141.56395442356092,141.82183212138202,1210314
2023-03-12 00:00:00,143.3608463700662,142.45498822022677,141.60575316070572,142.47386258366623,1177206
2023-03-13 00:00:00,143.07953928009732,140.8514106317572,144.54190069839606,142.8242835367502,1127906
2023-03-14 00:00:00,145.76141227827821,146.10357709963898,147.81849020512203,146.56115986101307,1130627
2023-03-15 00:00:00,143.5287295861711,142.1460999583138,143.18070780437526,142.95184578295337,1118768
2023-03-16 00:00:00,143.91676923586866,143.69263113606988,144.50638925844902,144.03859654346252,1145562
2023-03-17 00:00:00,143.7476272330339,141.48939551317372,144.04956374720413,143.09552883113724,1132560
2023-03-18 00:00:00,143.41656179916419,145.92363639258434,144.10850762531075,144.48290193901974,1157090
2023-03-19 00:00:00,144.27669673976493,143.86602246928507,143.91677451160828,144.01983124021945,1125657
2023-03-20 00:00:00,143.16980259808614,141.96653386505815,140.49588590484342,141.8774074559959,1131548
2023-03-21 00:00:00,143.9508127846807,143.08191618040775,145.46692219584173,144.16655038697672,1107805
2023-03-22 00:00:00,144.8693143961636,151.49228071232312,146.38385138978217,147.58181549942296,1137070
2023-03-23 00:00:00,145.69848884448444,147.24981440416798,145.3819536608657,146.11008563650606,1101129
2023-03-24 00:00:00,143.89900499752287,143.17692726651086,146.11022979577697,144.39538735327025,1101399
2023-03-25 00:00:00,142.9399966217767,142.53246285006503,145.63023646619305,143.7008986460116,1054475
2023-03-26 00:00:00,142.0750820923234,141.5206967964644,143.67087626421846,142.42221838433542,1005670
2023-03-27 00:00:00,139.9177982849933,140.3686629265311,144.05125761168333,141.44590627440257,963373
2023-03-28 00:00:00,143.05549647412502,143.06590480225324,140.7276147911827,142.28300535585365,963852
2023-03-29 00:00:00,141.14681045440366,139.96227235303,145.97558961162062,142.3615574730181,926298
2023-03-30 00:00:00,141.71183618391126,140.6693456501573,143.06160772242987,141.81426318549947,946821
2023-03-31 00:00:00,140.93967184527753,140.88224730911224,141.62653813199748,141.14948576212907,920444
2023-04-01 00:00:00,142.0105257040684,145.9822411529835,143.92608336296695,143.97295007333963,883329
2023-04-02 00:00:00,143.0668481924763,147.04187770467993,142.07137870034913,144.0600348658351,906675
2023-04-03 00:00:00,143.57231794587238,145.51623100825506,141.52474321689567,143.5377640570077,952734
2023-04-04 00:00:00,146.06411015358594,146.66482454643773,149.3645733930221,147.36450269768193,968319
2023-04-05 00:00:00,145.02615060373657,140.9496216337501,145.25525029698682,143.74367417815782,988936
2023-04-06 00:00:00,144.44532350620145,145.67527948293883,140.23029368851445,143.45029889255156,1031215
2023-04-07 00:00:00,146.80666483443545,147.13612097249512,150.31232136506176,148.08503572399744,1067830
2023-04-08 00:00:00,148.83623704571934,151.08877133241037,143.75746292918527,147.89415710243836,1090914
2023-04-09 00:00:00,148.9288859768716,148.9246988834695,147.74490355770192,148.53282947268102,1126368
2023-04-10 00:00:00,147.74282723352667,151.67003609756682,146.43327031590155,148.61537788233167,1171703
2023-04-11 00:00:00,146.75735041813957,147.96191591205906,144.95761367754085,146.55896000257982,1189114
2023-04-12 00:00:00,148.29999937953752,150.02814218828323,150.51269224807223,149.61361127196434,1190354
2023-04-13 00:00:00,146.99614870540935,145.47694613760603,145.17520891951898,145.88276792084477,1232462
2023-04-14 00:00:00,147.76431301635407,150.23335189210576,145.72999152445675,147.9092188109722,1202416
2023-04-15 00:00:00,149.38878340110648,148.10357464683776,148.73886776593142,148.74374193795856,1250259
2023-04-16 00:00:00,150.90912871614358,154.130965093877,151.74255622622087,152.26088334541382,1253120
2023-04-17 00:00:00,155.70566491426487,158.85448049578986,156.74268162961238,157.10094234655568,1248365
2023-04-18 00:00:00,154.10271431897863,155.21112993880598,152.58214669646975,153.96533031808477,1213472
2023-04-19 00:00:00,155.48451595580704,154.13628510749678,153.08041597369,154.23373901233128,1181569
2023-04-20 00:00:00,155.80275999867405,153.29506600561763,155.72340969381293,154.9404118993682,1154562
2023-04-21 00:00:00,155.40105959280467,153.14113365382462,153.98047963596858,154.17422429419926,1136753
2023-04-22 00:00:00,153.35191993826402,154.9741973163154,155.92210901928044,154.74940875795332,1161458
2023-04-23 00:00:00,154.24609291227412,157.70338159865227,155.49721436991285,155.81556296027975,1172167
2023-04-24 00:00:00,153.86407030017486,152.2135411531244,152.94646729570223,153.00802624966715,1179844
2023-04-25 00:00:00,153.60160401303392,157.2130012461167,155.159284846262,155.32463003513757,1220812
2023-04-26 00:00:00,153.08943641927772,151.69329407903177,154.18371189634405,152.98881413155118,1218636
2023-04-27 00:00:00,152.605116856128,155.51724628582437,151.92908197906604,153.35048170700614,1200554
2023-04-28 00:00:00,156.7392627635018,159.93610524230178,155.52426388463385,157.3998772968125,1193055
2023-04-29 00:00:00,159.21766135293933,159.00471452954022,155.28681631694553,157.83639739980836,1193200
2023-04-30 00:00:00,160.3209623369856,160.1745670293311,159.00229070393445,159.8326066900837,1182043
2023-05-01 00:00:00,162.89821918145066,158.1950642969937,162.67816668483167,161.25715005442535,1218614
2023-05-02 00:00:00,164.96512796137097,163.53315348134578,167.3206404074836,165.27297395006678,1228025
2023-05-03 00:00:00,167.89103824836764,166.62505998091666,168.04071404187664,167.5189374237203,1247935
2023-05-04 00:00:00,167.61447622778576,168.415279599474,168.039613720496,168.02312318258524,1289205
2023-05-05 00:00:00,167.64378241399464,168.20338748010428,167.7647911820569,167.87065369205195,1298024
2023-05-06 00:00:00,165.97646240673396,168.48266471650996,166.7834087050394,167.08084527609444,1341726
2023-05-07 00:00:00,166.41717101612153,165.94222688947087,165.76008949878633,166.0398291347929,1350986
2023-05-08 00:00:00,166.09969508644633,166.60354671740237,167.4662387448374,166.72316018289538,1359520
2023-05-09 00:00:00,166.06239111383064,167.81053703166236,163.11630503509645,165.66307772686315,1374151
2023-05-10 00:00:00,168.58030642899445,167.6033117224017,168.75527584149265,168.31296466429626,1409541
2023-05-11 00:00:00,168.7044516946942,167.07825959764318,168.5122862252844,168.0983325058739,1403850
2023-05-12 00:00:00,167.3999604633971,169.08908330886794,166.0066009026885,167.49854822498452,1418174
2023-05-13 00:00:00,167.7210448561261,167.76660737679256,166.60668785449644,167.36478002913836,1433554
2023-05-14 00:00:00,167.65567814149674,168.4030083507025,167.56464626981418,167.8744442540045,1445570
2023-05-15 00:00:00,166.8887649780327,166.21875968317292,165.44047583884125,166.18266683334897,1467209
2023-05-16 00:00:00,166.4755043629856,164.2312396088358,167.77230158716816,166.15968185299653,1505737
2023-05-17 00:00:00,163.59401254393904,161.43667302861846,160.7034971763191,161.91139424962554,1489960
2023-05-18 00:00:00,162.05696240865726,163.10754581919647,159.8362461816006,161.66691813648478,1502567
2023-05-19 00:00:00,161.18521645192138,164.18041534419595,161.55254942361879,162.3060604065787,1465084
2023-05-20 00:00:00,160.4017850369379,159.12932920062684,160.4310211614143,159.98737846632636,1448269
2023-05-21 00:00:00,159.64676943042696,158.95633405617002,160.906795558112,159.836633014903,1445272
2023-05-22 00:00:00,160.01479056976248,158.05039244934156,160.68931917173364,159.58483406361256,1487297
2023-05-23 00:00:00,161.54685961391428,162.3009355393975,160.49100775935136,161.44626763755437,1513613
2023-05-24 00:00:00,161.70488870125814,162.16900482877642,159.1349574141396,161.00295031472473,1488610
2023-05-25 00:00:00,163.800423218965,164.06257414649247,163.2199576874701,163.69431835097586,1495835
2023-05-26 00:00:00,163.53934958103943,167.4284530182753,160.86809322353565,163.9452986076168,1454167
2023-05-27 00:00:00,163.9937163170573,164.5449607970321,162.70055542351818,163.74641084586918,1422054
2023-05-28 00:00:00,162.93375463906744,163.3653753012252,164.19356076647819,163.49756356892362,1448386
2023-05-29 00:00:00,160.97910845556217,161.59095417910592,164.91567999160156,162.49524754208988,1465401
2023-05-30 00:00:00,162.40076914287505,165.1648675837741,163.83928754734418,163.80164142466444,1503911
2023-05-31 00:00:00,163.59495340776795,163.8069759341844,165.90801145294657,164.43664693163296,1517573
2023-06-01 00:00:00,162.73213879955773,161.38054244806617,164.57453989431698,162.89574038064697,1507534
2023-06-02 00:00:00,164.51644759272082,164.45181303943298,169.0619339429992,166.01006485838434,1496003
2023-06-03 00:00:00,163.45600052666757,165.0682863192355,160.2922336252762,162.93884015705976,1530329
2023-06-04 00:00:00,165.43002236604806,165.64830813699768,164.04750776081377,165.0419460879532,1571122
2023-06-05 00:00:00,165.71112839281528,166.19214735978284,166.47660222700543,166.12662599320117,1546621
2023-06-06 00:00:00,163.8050730603822,165.32563897743051,163.35753252997165,164.16274818926146,1593473
2023-06-07 00:00:00,164.02872937434566,165.84619353015677,165.69446754421682,165.18979681623975,1635508
2023-06-08 00:00:00,161.90742191251704,160.40426392916183,159.6730139807788,160.66156660748587,1631089
2023-06-09 00:00:00,160.4284696275663,159.05560025396034,156.38534813410416,158.6231393385436,1673605
2023-06-10 00:00:00,161.0413678443788,162.03965622696768,164.8194353907126,162.63348648735305,1711502
2023-06-11 00:00:00,160.05544354557455,162.89760524095664,159.1944976642321,160.71584881692112,1673927
2023-06-12 00:00:00,162.66189090652108,160.61454670836727,161.38626857336382,161.55423539608407,1660329
2023-06-13 00:00:00,163.39725342485923,166.43977949948004,160.2758263173382,163.37095308055916,1696032
2023-06-14 00:00:00,166.03613671545142,163.18822868668377,165.58162035796067,164.9353285866986,1725433
2023-06-15 00:00:00,164.5208078041014,163.763905144409,166.11774580047836,164.80081958299624,1733269
2023-06-16 00:00:00,166.17998424240074,165.32571897823337,167.21447638541608,166.2400598686834,1689641
2023-06-17 00:00:00,168.03528769891886,168.80082329423544,175.3653017205045,170.73380423788626,1739042
2023-06-18 00:00:00,166.85178993001958,166.15459278234272,169.74881353839433,167.58506541691887,1753244
2023-06-19 00:00:00,166.25598284452286,163.55991249469966,164.7398572835023,164.85191754090826,1717850
2023-06-20 00:00:00,167.02477979732072,168.90243893980048,168.55684985626,168.1613561977937,1761397
2023-06-21 00:00:00,164.92587793451665,163.8279192679042,168.1981516425753,165.65064961499874,1724531
2023-06-22 00:00:00,161.2717686581643,161.52133066813158,160.9838605846579,161.2589866369846,1701867
2023-06-23 00:00:00,158.96517603586489,158.67409135490712,159.34812764344184,158.99579834473795,1652594
2023-06-24 00:00:00,160.39002816023924,159.72101523153532,161.03001534814945,160.380352913308,1693240
2023-06-25 00:00:00,159.33320339767926,160.64208192730396,158.28834466121566,159.42120999539964,1664493
2023-06-26 00:00:00,159.3627084645121,161.29055299778904,157.86578868018057,159.5063500474939,1642356
2023-06-27 00:00:00,158.99653964840184,159.47201612695386,160.21149376755892,159.56001651430486,1660928
2023-06-28 00:00:00,159.33050996595756,157.5095995428174,159.90937758381398,158.91649569752965,1673555
2023-06-29 00:00:00,161.42794545113372,163.2814003046257,161.24664887204693,161.9853315426021,1665126
2023-06-30 00:00:00,162.37466772503652,162.7826677247622,164.39650875335983,163.18461473438617,1645719
2023-07-01 00:00:00,161.29607814988168,162.01180128189404,159.04685524295894,160.7849115582449,1641156
2023-07-02 00:00:00,160.4637232346433,161.3311686696991,157.5750844667872,159.78999212370988,1615694
2023-07-03 00:00:00,160.15260797523925,161.49763819912772,158.28001568959797,159.97675395465498,1634746
2023-07-04 00:00:00,159.68972638968805,154.4335244680354,159.51445866535866,157.87923650769403,1609409
2023-07-05 00:00:00,158.826068768843,158.60178146105585,160.4940883843136,159.30731287140415,1615501
2023-07-06 00:00:00,159.44506873259218,157.76785952280872,161.7914078235573,159.6681120263194,1661313
2023-07-07 00:00:00,159.14845717641904,159.1810327861397,159.48770050426458,159.27239682227443,1670563
2023-07-08 00:00:00,156.17380754968084,156.05361492599295,155.15390801548395,155.79377683038592,1705438
2023-07-09 00:00:00,155.25452911392824,157.43682018109695,153.12219686698893,155.2711820540047,1742082
2023-07-10 00:00:00,155.60296647688315,157.2625119546684,154.91844235146732,155.92797359433962,1720986
2023-07-11 00:00:00,154.88407871335886,153.7204039175539,156.45230834982044,155.0189303269111,1729908
2023-07-12 00:00:00,154.9016086600693,154.6221247624314,154.5536182078077,154.69245054343614,1724509
2023-07-13 00:00:00,154.93162014650542,156.9051552555948,154.55110512296565,155.4626268416886,1732907
2023-07-14 00:00:00,156.86075219413325,160.13983485041481,157.20313645367136,158.06790783273982,1741989
2023-07-15 00:00:00,154.0265828855988,155.49522166981384,154.46695939177937,154.66292131573067,1782859
2023-07-16 00:00:00,153.29892476788584,151.63948801247042,151.4556903003624,152.13136769357288,1780041
2023-07-17 00:00:00,151.9846655571975,148.49436425806286,151.40322418781523,150.62741800102518,1730222
2023-07-18 00:00:00,153.69341415200628,153.25776396556913,156.0964771102495,154.34921840927498,1688896
2023-07-19 00:00:00,153.50024530546997,152.47744387114668,154.2935262958501,153.42373849082227,1672897
2023-07-20 00:00:00,155.47045184850631,153.53300721693807,152.31003395515543,153.77116434019993,1643336
2023-07-21 00:00:00,156.27794882279827,155.31232677608747,157.10095460377502,156.2304100675536,1684419
2023-07-22 00:00:00,153.88431841975836,156.94815808758182,155.8487740877935,155.56041686504454,1666963
2023-07-23 00:00:00,154.79387120599122,156.71861372092263,154.97085204084075,155.4944456559182,1694227
2023-07-24 00:00:00,153.73244976588026,150.6675309493772,154.6548671773965,153.01828263088467,1734698
2023-07-25 00:00:00,151.28691713685294,149.1219551222432,151.86976026715402,150.75954417541672,1689458
2023-07-26 00:00:00,151.93116124952624,151.14387963806132,151.53006989315494,151.53503692691416,1700420
2023-07-27 00:00:00,150.2446154494391,148.82067988223466,148.43253548900947,149.1659436068944,1654724
2023-07-28 00:00:00,150.26871838695726,150.01168159087106,149.66894560261144,149.9831151934799,1679793
2023-07-29 00:00:00,149.3643082863942,144.7169555522859,147.20455384032599,147.0952725596687,1715928
2023-07-30 00:00:00,150.12006172586504,149.8501484195769,147.1360518425868,149.03542066267622,1712469
2023-07-31 00:00:00,148.98093675767436,147.74862088828735,145.19600370696466,147.30852045097546,1712738
2023-08-01 00:00:00,149.61363073782118,153.70791253333195,147.30140490393345,150.20764939169553,1701567
2023-08-02 00:00:00,150.0756232387173,145.9345341053876,151.46464274883178,149.15826669764556,1712263
2023-08-03 00:00:00,149.53714188742705,149.54088978938182,148.51904519699113,149.1990256246,1691189
2023-08-04 00:00:00,148.81661522227574,146.7397951441754,150.87897486272718,148.81179507639277,1714493
2023-08-05 00:00:00,147.19800617200931,150.54183621978518,150.4282916951697,149.38937802898806,1667992
2023-08-06 00:00:00,146.01849919067456,148.72040682430082,146.4847975570042,147.07456785732654,1711152
2023-08-07 00:00:00,146.3388894537537,144.75487622682166,145.33547811935006,145.47641459997513,1738561
2023-08-08 00:00:00,144.43033525488207,144.65788075189184,145.74025915708967,144.94282505462118,1727065
2023-08-09 00:00:00,145.129070632202,144.23520718804923,143.37026083795362,144.24484621940164,1701771
2023-08-10 00:00:00,144.7257147695449,145.89738576015986,141.8138342033601,144.1456449110216,1725099
2023-08-11 00:00:00,144.67227606358847,146.49198264295438,147.3790947396003,146.18111781538104,1686744
2023-08-12 00:00:00,142.7203206555702,144.5416751788827,140.75592241208355,142.67263941551218,1686353
2023-08-13 00:00:00,140.4489343611117,139.81381174197463,138.54716777220702,139.60330462509776,1686290
2023-08-14 00:00:00,141.54986364888464,142.53513639207935,140.8169659662005,141.63398866905484,1650807
2023-08-15 00:00:00,140.58756498741275,141.65761707451648,141.78069260721097,141.34195822304673,1649398
2023-08-16 00:00:00,142.3081314041791,144.9279629754962,141.7614262684411,142.99917354937213,1631498
2023-08-17 00:00:00,143.8700592721087,143.75122713277472,143.8996196200807,143.84030200832137,1622856
2023-08-18 00:00:00,142.09837964597284,140.99568028020065,141.0549766747946,141.3830122003227,1660568
2023-08-19 00:00:00,142.41523388809955,141.2400233598069,145.43764001274783,143.0309657535514,1649660
2023-08-20 00:00:00,143.43235987654685,145.04699327313654,144.23507142603944,144.23814152524093,1650895
2023-08-21 00:00:00,144.40022564695644,141.9973961653095,144.96871979900993,143.78878053709195,1606957
2023-08-22 00:00:00,142.2603840368303,140.47678970728035,142.16886528279653,141.63534634230237,1613407
2023-08-23 00:00:00,141.38930221113014,139.27245602198317,139.2619100814929,139.97455610486875,1647337
2023-08-24 00:00:00,142.2394571493274,142.32985174496682,142.82533065889118,142.4648798510618,1652986
2023-08-25 00:00:00,141.09165033644464,140.8353664664247,140.07165023790515,140.66622234692483,1606750
2023-08-26 00:00:00,142.44160616553143,143.80428721882643,140.48366594107358,142.24318644181048,1610174
2023-08-27 00:00:00,140.68139053262666,142.48563228044384,137.8982095924536,140.35507746850803,1595915
2023-08-28 00:00:00,142.76734357340683,142.0672790293775,142.55182236555504,142.46214832277977,1624939
2023-08-29 00:00:00,144.0911577640953,144.74052649330747,145.7399463545801,144.8572102039943,1627318
2023-08-30 00:00:00,142.33475852722506,146.68689811694423,143.18921540888692,144.07029068435207,1672178
2023-08-31 00:00:00,144.1882561093422,145.5532858405161,143.84864678491084,144.5300629115897,1716129
2023-09-01 00:00:00,146.1187798868763,146.89133133547895,146.19990577184282,146.40333899806603,1763038
2023-09-02 00:00:00,145.83895819073896,151.0207566087629,146.75315462647157,147.87095647532445,1743795
2023-09-03 00:00:00,145.13285595598572,143.08361575530697,144.66990325827123,144.29545832318797,1731962
2023-09-04 00:00:00,146.21265344160616,146.2230333174913,145.2868706822334,145.9075191471103,1697475
2023-09-05 00:00:00,145.3591532288804,143.99050422815478,141.5447241812358,143.63146054609032,1745522
2023-09-06 00:00:00,147.3070832980484,143.3458954681621,146.42601080817445,145.69299652479498,1768972
2023-09-07 00:00:00,150.4091493010752,150.5932831797858,153.00043545960838,151.3342893134898,1724734
2023-09-08 00:00:00,152.6293466535054,152.1342289719198,152.43295515117802,152.39884359220108,1774190
2023-09-09 00:00:00,151.71954181282442,153.11045866989406,152.6445361348841,152.4915122058675,1822513
2023-09-10 00:00:00,151.11548615508377,148.2952111851905,154.52927921110202,151.31332551712543,1870457
2023-09-11 00:00:00,150.90272631304157,148.80579161331463,152.57994898766052,150.76282230467223,1851030
2023-09-12 00:00:00,151.5247547577924,153.26488246766618,153.840381478755,152.87667290140453,1881600
2023-09-13 00:00:00,150.85345686609935,148.51710820422633,146.89647745060836,148.75568084031136,1905434
2023-09-14 00:00:00,152.08436445915225,151.9366653844195,151.08913090580953,151.70338691646043,1895681
2023-09-15 00:00:00,151.8901917117177,152.56471484697124,150.29435237246224,151.58308631038372,1878627
2023-09-16 00:00:00,152.72216214538642,153.6547542228797,149.7951522514016,152.0573562065559,1867648
2023-09-17 00:00:00,154.86589723847828,154.43832170835404,154.696628587674,154.66694917816878,1906756
2023-09-18 00:00:00,156.64925584343084,158.25314343809498,155.42808006491862,156.77682644881483,1950313
2023-09-19 00:00:00,155.27936179535726,156.71549964403502,155.24509343712248,155.7466516255049,1922166
2023-09-20 00:00:00,154.04048223668516,153.1353558151682,157.98390582899876,155.05324796028404,1940142
2023-09-21 00:00:00,153.23451536782747,150.44600127733588,155.42244575532348,153.03432080016228,1909420
2023-09-22 00:00:00,153.24572145543252,153.52703633125842,150.94780437878433,152.57352072182508,1867494
2023-09-23 00:00:00,154.84297797172624,157.71832032234198,159.31572169398558,157.29233999601794,1900950
2023-09-24 00:00:00,152.99386451195258,154.0689429728235,152.57347577017728,153.21209441831778,1894100
2023-09-25 00:00:00,153.16278657954268,151.01939101964032,152.92396572244317,152.36871444054205,1899815
2023-09-26 00:00:00,153.8447482070731,153.7813252795736,152.8958166467659,153.50729671113754,1938889
2023-09-27 00:00:00,154.8133568109879,154.37769138419773,157.844197929127,155.67841537477088,1966672
2023-09-28 00:00:00,158.1152177614655,156.02083949312504,156.9535694594484,157.0298755713463,1972264
2023-09-29 00:00:00,156.0222471556981,155.71270533891482,155.11744423861532,155.61746557774276,1957153
2023-09-30 00:00:00,155.87703910789557,152.92343463424092,156.1345897957669,154.97835451263447,1943670
2023-10-01 00:00:00,155.8331615449472,155.94505890317325,158.0694311721154,156.61588387341195,1927131
2023-10-02 00:00:00,156.2406645823114,157.02049630660107,155.46057219872125,156.24057769587793,1935488
2023-10-03 00:00:00,157.67514110659567,157.79005686175086,157.79394279803776,157.75304692212808,1969366
2023-10-04 00:00:00,158.05414677865798,157.76405870409152,157.89818355446056,157.90546301240335,1941371
2023-10-05 00:00:00,157.6700096195796,155.70652323360457,156.278595012211,156.55170928846505,1949318
2023-10-06 00:00:00,159.73127453172305,157.8954395682052,162.3766222371022,160.00111211234346,1973206
2023-10-07 00:00:00,160.14559480164536,157.96405762967547,159.01231658996707,159.0406563404293,1950181
2023-10-08 00:00:00,162.35588492601119,158.7781583595613,164.5906278904633,161.90822372534527,1919924
2023-10-09 00:00:00,158.690715307777,160.2411387989236,159.2865911189637,159.40614840855477,1934198
2023-10-10 00:00:00,162.00581577862692,161.36306981759415,163.68169347205517,162.35019302275873,1981187
2023-10-11 00:00:00,163.16723870749166,164.3374017725835,166.34785701711743,164.6174991657309,1933160
2023-10-12 00:00:00,162.4421814216803,158.14820779503202,160.32189190976032,160.3040937088242,1912227
2023-10-13 00:00:00,161.5388353143853,161.99957653127294,160.11803550382328,161.2188157831605,1897985
2023-10-14 00:00:00,160.73044002955356,160.6249899700042,156.72761253106427,159.36101417687402,1849264
2023-10-15 00:00:00,159.72113387640255,164.81207151246144,155.8765222591414,160.13657588266847,1893391
2023-10-16 00:00:00,160.09659262030152,159.06656588559625,160.9933503895759,160.05216963182454,1843868
2023-10-17 00:00:00,160.68798618988356,160.27065929017326,160.16231268038942,160.37365272014873,1888816
2023-10-18 00:00:00,160.92403045071038,160.91135517628652,162.12915286431743,161.3215128304381,1902286
2023-10-19 00:00:00,158.74701534761195,161.56391927415834,157.08586211962316,159.1322655804645,1870243
2023-10-20 00:00:00,160.83075684518641,160.67400581637781,160.7865575464911,160.7637734026851,1902359
2023-10-21 00:00:00,161.6309895390095,162.685150031576,160.94583262621265,161.75399073226606,1919415
2023-10-22 00:00:00,163.8766319485469,162.39113413193127,164.38944218481726,163.55240275509848,1919475
2023-10-23 00:00:00,165.67820428836276,165.0764684865944,166.6510464190956,165.80190639801756,1931664
2023-10-24 00:00:00,169.76862782346038,170.11482504833126,174.09474602998418,171.32606630059195,1930146
2023-10-25 00:00:00,171.05434146748755,173.8614770459799,170.86064545331945,171.92548798892895,1928648
2023-10-26 00:00:00,169.89389348901756,170.00665353170362,171.301837071629,170.40079469745007,1946677
2023-10-27 00:00:00,171.9186699715635,171.89919512607696,174.74631768452466,172.85472759405505,1995610
2023-10-28 00:00:00,172.70705565122876,173.4143481148572,175.9034360007834,174.0082799222898,2022582
2023-10-29 00:00:00,172.73168677144312,173.00530115852757,170.80037267054945,172.1791202001734,2048679
2023-10-30 00:00:00,171.50343727266852,170.14356561041936,174.01177516207647,171.8862593483881,2086870
2023-10-31 00:00:00,173.03281902950542,174.43077108893914,174.66660119971067,174.04339710605177,2063466
2023-11-01 00:00:00,173.5910656083036,173.25661460518808,170.9869535739564,172.611544595816,2092573
2023-11-02 00:00:00,173.6612936141401,174.4833391716598,171.0587008135432,173.0677778664477,2085628
2023-11-03 00:00:00,176.66037364861546,175.20706010560613,179.80273793835795,177.22339056419318,2109320
2023-11-04 00:00:00,174.17644987532836,176.81355963095788,173.41609138501502,174.80203363043378,2072705
2023-11-05 00:00:00,173.85172640609844,176.49493689348114,173.13497632256625,174.49387987404862,2061966
2023-11-06 00:00:00,173.6308781092015,171.82854744328145,173.50515592306036,172.98819382518107,2078527
2023-11-07 00:00:00,176.53183587038495,175.4222628843463,176.545000450595,176.16636640177543,2042575
2023-11-08 00:00:00,173.0766540090375,172.8878897366769,173.5346155632688,173.16638643632777,1995498
2023-11-09 00:00:00,172.5578345553986,172.59084007870445,167.96636814906603,171.0383475943897,1951982
2023-11-10 00:00:00,173.52455225582526,173.27010472227877,175.26372769480278,174.01946155763562,1939836
2023-11-11 00:00:00,173.16260690111918,168.32134684777623,173.07762838454394,171.5205273778131,1947941
2023-11-12 00:00:00,171.75747320059534,171.2975276730835,171.3332519828963,171.46275095219173,1966523
2023-11-13 00:00:00,169.66394372680543,169.29456000130892,168.07648758608988,169.01166377140143,1920469
2023-11-14 00:00:00,168.0375252128919,170.92139481937502,169.69265250323667,169.5505241785012,1942860
2023-11-15 00:00:00,169.78857368866625,169.70924774927926,167.8603708483355,169.11939742876032,1938769
2023-11-16 00:00:00,171.7708650309609,175.49660875725993,171.03765291888197,172.76837556903425,1915074
2023-11-17 00:00:00,170.23834000532224,168.53858145236765,171.72820469350967,170.1683753837332,1961365
2023-11-18 00:00:00,172.36444514123804,171.74666633120913,173.11448486867684,172.40853211370802,1947545
2023-11-19 00:00:00,173.3999718301689,174.99454296716686,171.95070424738807,173.4484063482413,1956257
2023-11-20 00:00:00,173.72265894840484,171.604347742071,174.23922914645678,173.18874527897754,1907160
2023-11-21 00:00:00,171.75084513079227,176.80018911892395,172.18994763318,173.58032729429874,1956578
2023-11-22 00:00:00,170.76288908082944,170.79373240753628,169.7266258492701,170.42774911254529,1969126
2023-11-23 00:00:00,172.21486387227822,171.26744875673168,170.92047444251915,171.46759569050968,1939643
2023-11-24 00:00:00,171.71547729499667,174.24246314661963,166.6525303670884,170.8701569362349,1958429
2023-11-25 00:00:00,172.90292892325556,173.3067723767901,174.11270399628478,173.44080176544347,1956345
2023-11-26 00:00:00,174.59472226179662,176.35269187987782,177.29384533665507,176.08041982610985,1913210
2023-11-27 00:00:00,177.27223674342588,177.25409259798232,176.61023427203594,177.0455212044814,1882578
2023-11-28 00:00:00,179.0173160033977,181.65652729591076,181.07919366065926,180.58434565332257,1902846
2023-11-29 00:00:00,178.9063467175357,181.91360028777245,176.8332288189954,179.21772527476787,1943923
2023-11-30 00:00:00,179.82602349270118,179.2247203884553,178.67048375325547,179.24040921147062,1975569
2023-12-01 00:00:00,180.16377846391543,179.48663163191986,182.19798794902053,180.6161326816186,1925998
2023-12-02 00:00:00,179.6711978589478,175.67644073698014,176.56469170350454,177.30411009981083,1923912
2023-12-03 00:00:00,181.93464682680772,180.3748083843612,181.7947583015665,181.3680711709118,1900554
2023-12-04 00:00:00,179.86493650978167,178.46533760844926,179.2202098353603,179.18349465119707,1929233
2023-12-05 00:00:00,178.60203582770387,175.6585197624927,178.88548502586355,177.71534687202004,1907049
2023-12-06 00:00:00,179.60637909427618,177.62975508209828,178.88252177133492,178.70621864923646,1952891
2023-12-07 00:00:00,180.49573605984344,178.88845104518765,180.37565715175208,179.91994808559437,1920842
2023-12-08 00:00:00,180.59855070751917,179.77909472691513,181.40014035414762,180.59259526286064,1905125
2023-12-09 00:00:00,180.90124882376654,183.44042844924283,185.0097344933056,183.11713725543834,1941894
2023-12-10 00:00:00,180.5007616098171,181.84043496092232,176.6769509001811,179.67271582364015,1972561
2023-12-11 00:00:00,180.51712052705187,179.62539823518102,182.92479468271299,181.02243781498194,1948969
2023-12-12 00:00:00,179.77053871521574,178.4795276131434,182.26518558290115,180.17175063708677,1910549
2023-12-13 00:00:00,179.9411605019587,177.93730297389615,177.50518388262418,178.46121578615967,1941242
2023-12-14 00:00:00,176.63977299004245,177.90323658348723,178.8302774449758,177.79109567283516,1984820
2023-12-15 00:00:00,173.28467199168162,170.4248299363956,171.4408419860448,171.71678130470733,1951385
2023-12-16 00:00:00,171.1278481309462,171.751837633549,170.3714575114227,171.08371442530597,1955832
2023-12-17 00:00:00,170.22099229208246,170.87654094774976,170.04109208937408,170.3795417764021,1966769
2023-12-18 00:00:00,169.9351562163787,171.870822333185,167.9155441958229,169.90717424846218,2006856
2023-12-19 00:00:00,169.49982196354614,170.86425560365356,175.9369129416023,172.10033016960065,1984284
2023-12-20 00:00:00,167.48811858492692,165.1208673698636,167.41719806032094,166.6753946717038,1947562
2023-12-21 00:00:00,167.7050102537064,167.0927788882834,166.33579256792396,167.04452723663792,1925339
2023-12-22 00:00:00,166.2873072314435,160.9231431573151,161.62187552092016,162.94410863655958,1905031
2023-12-23 00:00:00,165.8973771231059,168.73668837600593,165.21214009511542,166.61540186474244,1860774
2023-12-24 00:00:00,165.42070752448032,166.76176349869576,166.08311012135658,166.08852704817755,1810952
2023-12-25 00:00:00,166.8186116827273,166.83039277582554,168.22252746770062,167.29051064208448,1792566
2023-12-26 00:00:00,166.3427268189238,163.6686425492007,170.51764075791584,166.8430033753468,1816896
2023-12-27 00:00:00,164.7308039184589,165.4260084919518,166.26988426416602,165.47556555819224,1767451
2023-12-28 00:00:00,165.08798710471316,166.8917381023038,165.02141345801792,165.6670462216783,1752218
2023-12-29 00:00:00,164.44481006170147,164.43295235184016,166.91988244203077,165.26588161852413,1778624
2023-12-30 00:00:00,163.33834973973046,164.04660074793267,161.86952666982893,163.084825719164,1770098
2023-12-31 00:00:00,163.5153886903938,160.20787582827802,162.258185529052,161.99381668257462,1765219
2024-01-01 00:00:00,162.84416163734275,163.63464577368828,163.58723288552665,163.35534676551922,1766207
2024-01-02 00:00:00,163.83698862120087,161.86861872638178,162.36268253737552,162.68942996165273,1741676
2024-01-03 00:00:00,165.95981350185374,166.84117718073364,167.41161088429743,166.73753385562827,1753051
2024-01-04 00:00:00,165.14819082956097,159.87448960692365,163.16799222146736,162.7302242193173,1729099
2024-01-05 00:00:00,165.75383377357144,167.50117106180258,166.71082366392324,166.65527616643243,1750730
2024-01-06 00:00:00,167.296852738293,167.8896190607166,169.018515464689,168.06832908789954,1734001
2024-01-07 00:00:00,168.93054900421168,168.2518569685045,169.49606023438756,168.89282206903457,1720777
2024-01-08 00:00:00,169.5363101180347,169.37690317254211,166.7527075183109,168.5553069362959,1742240
2024-01-09 00:00:00,169.11334805550132,167.15959358511117,168.47439754720844,168.24911306260697,1714317
2024-01-10 00:00:00,167.5885862011494,165.4488770375961,169.70909032070153,167.58218451981568,1701299
2024-01-11 00:00:00,168.94585444313742,170.79775303935764,170.5743197420622,170.10597574151907,1658867
2024-01-12 00:00:00,171.7167335788654,176.47170896185875,170.9409296185707,173.0431240530983,1652123
2024-01-13 00:00:00,171.61579158930317,171.87063666482416,170.7701764640882,171.41886823940516,1693901
2024-01-14 00:00:00,173.73360773588095,174.77725697275926,175.88376569794647,174.79821013552888,1703795
2024-01-15 00:00:00,173.39359228182576,175.769290495439,175.63203022590662,174.93163766772378,1703551
2024-01-16 00:00:00,173.30621683735976,178.20076604709925,171.0693146980472,174.19209919416872,1731410
2024-01-17 00:00:00,171.37605976119642,174.383832494721,172.0697119457018,172.6098680672064,1688905
2024-01-18 00:00:00,171.29611634740536,168.63734583892617,173.11728435591232,171.01691551408126,1659252
2024-01-19 00:00:00,170.6104701020469,167.60845218639307,168.23550379144115,168.81814202662704,1641640
2024-01-20 00:00:00,171.38060248389795,168.12842090444505,172.25760908236242,170.58887749023515,1604330
2024-01-21 00:00:00,170.67619590332643,169.4697478968731,172.3578464208628,170.8345967403541,1638102
2024-01-22 00:00:00,172.01876601608268,175.47166906507198,173.85984474245805,173.7834266078709,1590940
2024-01-23 00:00:00,172.57516448259554,171.2091587865489,173.4182505075287,172.40085792555772,1608732
2024-01-24 00:00:00,171.185591872986,170.78172883967403,169.45076181358007,170.47269417541335,1599595
2024-01-25 00:00:00,172.74000999914276,170.43394448764366,168.40500392290707,170.52631946989786,1586533
2024-01-26 00:00:00,171.24376577988522,171.5201070167052,169.54161830995596,170.76849703551545,1604702
2024-01-27 00:00:00,170.85660851559803,174.82357520205466,170.19392710054967,171.95803693940078,1574216
2024-01-28 00:00:00,171.20019186206272,169.71481606188743,170.09834180173394,170.3377832418947,1603710
2024-01-29 00:00:00,171.7295069575623,172.33738451046722,173.97285779476394,172.67991642093116,1579128
2024-01-30 00:00:00,174.07261161993281,171.69135063271636,175.13136255926844,173.63177493730586,1544674
2024-01-31 00:00:00,173.63126360812984,171.2869559556414,172.25443655831953,172.39088537403026,1530586
2024-02-01 00:00:00,173.61824093737152,174.1109345225309,173.0465543773029,173.5919099457351,1493378
2024-02-02 00:00:00,174.90554062765813,176.75178554666613,175.0350178850901,175.56411468647147,1527430
2024-02-03 00:00:00,179.39256627369974,178.42815822831872,180.06138877948072,179.29403776049972,1510658
2024-02-04 00:00:00,178.844930817992,177.99827653511392,178.37501402566986,178.40607379292524,1521530
2024-02-05 00:00:00,179.10200826838798,179.59093886578432,179.02032381669773,179.23775698362337,1515135
2024-02-06 00:00:00,177.57107097527717,177.98885617372997,176.24017492518811,177.26670069139843,1509874
2024-02-07 00:00:00,179.08266381008815,178.85656024574584,181.4929677286983,179.8107305948441,1496278
2024-02-08 00:00:00,182.6983231708345,182.83514934028983,183.5013491697943,183.01160722697287,1483404
2024-02-09 00:00:00,182.6418988343098,185.007922772134,182.1145418220764,183.25478780950675,1459931
2024-02-10 00:00:00,183.3379910468229,183.7942155918959,182.2128647542748,183.11502379766452,1438461
2024-02-11 00:00:00,185.71705035914664,180.219936116519,181.81403522400666,182.58367389989075,1443657
2024-02-12 00:00:00,183.40331031096264,182.18540010219988,185.6113270099032,183.73334580768858,1406519
2024-02-13 00:00:00,180.33403179033672,180.4017263593575,183.2780171146916,181.3379250881286,1446397
2024-02-14 00:00:00,180.85893274724438,179.42179427722084,180.6620309464114,180.31425265695887,1433233
2024-02-15 00:00:00,179.79120291440302,180.10708195639378,185.00905394094303,181.6357796039133,1405502
2024-02-16 00:00:00,178.20297963920484,176.70706676897595,176.0593211410729,176.98978918308455,1397405
2024-02-17 00:00:00,178.7141127959828,180.6303993211147,180.51119967518932,179.95190393076226,1397122
